{"cameraMode":{"drawMode":0,"name":"Shaded","section":"Shading Mode"},"sceneLighting":true,"audioPlay":false,"sceneViewState":{"m_AlwaysRefresh":false,"showFog":true,"showSkybox":true,"showFlares":true,"showImageEffects":true,"showParticleSystems":true,"showVisualEffectGraphs":true,"m_FxEnabled":true},"in2DMode":false,"pivot":{"x":-1.0825278759002686,"y":-3.691779136657715,"z":-43.93128204345703},"rotation":{"x":0.03984483331441879,"y":-0.7752059102058411,"z":0.049144450575113299,"w":0.6285368800163269},"size":17.614517211914064,"orthographic":false}